,nij,src,trg
0,0.3611111111111111,1,2
1,0.3611111111111111,1,3
2,0.3611111111111111,2,3
0,0.3611111111111111,2,1
1,0.3611111111111111,3,1
2,0.3611111111111111,3,2
