,nij,src,trg
0,0.10416666666666666,1,2
1,0.20833333333333331,1,3
2,0.4444444444444444,1,1
3,0.20833333333333331,2,3
4,0.7916666666666666,2,2
5,0.5833333333333333,3,3
0,0.10416666666666666,2,1
1,0.20833333333333331,3,1
3,0.20833333333333331,3,2
