,nij,src,trg
0,0.05555555555555552,1,3
1,0.05555555555555557,1,2
2,0.05555555555555552,2,3
0,0.05555555555555552,3,1
1,0.05555555555555557,2,1
2,0.05555555555555552,3,2
